{"custom_accuracy": [0.5002316832542419, 0.5021299719810486, 0.5036933422088623, 0.5056283473968506, 0.5067633390426636, 0.5080749988555908, 0.5090183615684509, 0.511900007724762, 0.5144683122634888, 0.5177050232887268, 0.5201566815376282, 0.5220450162887573, 0.5234283208847046, 0.5256966948509216, 0.528469979763031, 0.5305833220481873, 0.5322849750518799, 0.5338450074195862, 0.5367966890335083, 0.537880003452301, 0.5395416617393494, 0.5408583283424377, 0.5424933433532715, 0.5432566404342651, 0.5442583560943604, 0.5439366698265076, 0.5454233288764954, 0.5455650091171265, 0.5469650030136108, 0.5468900203704834, 0.5480999946594238, 0.5486766695976257, 0.548663318157196, 0.5501533150672913, 0.5506433248519897, 0.5505916476249695, 0.5504800081253052, 0.5510333180427551, 0.5510900020599365, 0.5505416393280029, 0.5515183210372925, 0.5521116852760315, 0.5528783202171326, 0.552839994430542, 0.5528233051300049, 0.5522400140762329, 0.5531666874885559, 0.5514500141143799, 0.5543683171272278, 0.5517650246620178], "custom_auc": [0.5092577934265137, 0.5305242538452148, 0.5319094061851501, 0.5155609846115112, 0.5144847631454468, 0.525022566318512, 0.5190311074256897, 0.5064876675605774, 0.5117531418800354, 0.5024040937423706, 0.5121480822563171, 0.515516996383667, 0.4975661635398865, 0.5111896991729736, 0.4951850175857544, 0.4930415451526642, 0.5035455226898193, 0.4975675344467163, 0.5169544219970703, 0.5214964151382446, 0.49914634227752686, 0.5089809894561768, 0.5127879977226257, 0.5055384039878845, 0.5273451805114746, 0.5055913329124451, 0.4852754771709442, 0.5082300901412964, 0.5094926357269287, 0.503847599029541, 0.5002446174621582, 0.5008681416511536, 0.5201935172080994, 0.5198293924331665, 0.5076702833175659, 0.5163220167160034, 0.49644190073013306, 0.5080642700195312, 0.5324059128761292, 0.5251181721687317, 0.4980733394622803, 0.5040794014930725, 0.5210079550743103, 0.507888674736023, 0.4945296347141266, 0.49271824955940247, 0.5155870914459229, 0.532437801361084, 0.5067396759986877, 0.5047633647918701], "custom_f1_score": [0.00224266666918993, 0.0023311730474233627, 0.002358552999794483, 0.0022335313260555267, 0.002285752212628722, 0.0023525350261479616, 0.002296226331964135, 0.0022621655371040106, 0.0022672703489661217, 0.002275571459904313, 0.0023079158272594213, 0.0023170129861682653, 0.0021078563295304775, 0.0023208195343613625, 0.0021585014183074236, 0.0020833476446568966, 0.0022115474566817284, 0.0022118128836154938, 0.002247367985546589, 0.0023746811784803867, 0.0022030803374946117, 0.002231067279353738, 0.0023115500807762146, 0.002235490595921874, 0.0024078357964754105, 0.002209710655733943, 0.002107403939589858, 0.0022760285064578056, 0.002297694096341729, 0.0022680226247757673, 0.0021418945398181677, 0.0022181603126227856, 0.0023210227955132723, 0.0022844381164759398, 0.0022795393597334623, 0.002330958843231201, 0.0022934756707400084, 0.002251951489597559, 0.002481333678588271, 0.002301171887665987, 0.0021359832026064396, 0.0022203156258910894, 0.002379951300099492, 0.002327812137082219, 0.0020828216802328825, 0.002139418153092265, 0.002351784845814109, 0.0024611365515738726, 0.0022762122098356485, 0.002188987098634243], "custom_precision": [0.001123786554671824, 0.0011681461473926902, 0.0011818743078038096, 0.0011192356469109654, 0.0011454095365479589, 0.0011788817355409265, 0.0011506698792800307, 0.0011336165480315685, 0.0011361881624907255, 0.001140365144237876, 0.0011565873865038157, 0.0011611566878855228, 0.0010563466930761933, 0.0011630848748609424, 0.0010817537549883127, 0.0010441008489578962, 0.0011083590798079967, 0.0011085007572546601, 0.0011263368651270866, 0.001190149923786521, 0.0011041563702747226, 0.001118190586566925, 0.0011585374595597386, 0.0011204215697944164, 0.0012068063952028751, 0.0011075047077611089, 0.001056237262673676, 0.0011407528072595596, 0.001151620177552104, 0.001136748236604035, 0.0010735392570495605, 0.0011117677204310894, 0.001163323177024722, 0.001144995796494186, 0.0011425433913245797, 0.0011683152988553047, 0.0011495276121422648, 0.001128718489781022, 0.0012436887482181191, 0.0011533853830769658, 0.0010705961612984538, 0.0011128686601296067, 0.0011928859166800976, 0.0011667524231597781, 0.0010439581237733364, 0.00107232213485986, 0.0011787702096626163, 0.001233567949384451, 0.001140899141319096, 0.0010971641167998314], "custom_recall": [0.5137194991111755, 0.5320122241973877, 0.5365853905677795, 0.5060975551605225, 0.5167682766914368, 0.5304877758026123, 0.5167682766914368, 0.5060975551605225, 0.5045731663703918, 0.5030487775802612, 0.5076219439506531, 0.5076219439506531, 0.4603658616542816, 0.5045731663703918, 0.4664634168148041, 0.4481707215309143, 0.47408536076545715, 0.47256097197532654, 0.4771341383457184, 0.5030487775802612, 0.46493902802467346, 0.4695121943950653, 0.48475611209869385, 0.4679878056049347, 0.5030487775802612, 0.46189025044441223, 0.4390243887901306, 0.47408536076545715, 0.4771341383457184, 0.4710365831851959, 0.44359755516052246, 0.458841472864151, 0.4801829159259796, 0.4710365831851959, 0.4695121943950653, 0.4801829159259796, 0.47256097197532654, 0.46341463923454285, 0.5106707215309143, 0.47408536076545715, 0.4390243887901306, 0.45579269528388977, 0.4878048896789551, 0.4771341383457184, 0.4268292784690857, 0.4390243887901306, 0.48170730471611023, 0.5060975551605225, 0.46493902802467346, 0.4496951103210449], "loss": [0.7910262942314148, 0.7657109498977661, 0.7531323432922363, 0.7454441785812378, 0.7381376028060913, 0.732441782951355, 0.7276082038879395, 0.722847580909729, 0.7186998128890991, 0.715179979801178, 0.7121183276176453, 0.7093701362609863, 0.7070093750953674, 0.7048225998878479, 0.7029842734336853, 0.7015113234519958, 0.7001838684082031, 0.6989482641220093, 0.6977983713150024, 0.6968639492988586, 0.695995032787323, 0.6952494978904724, 0.6946861743927002, 0.6942712068557739, 0.6935361623764038, 0.6933432817459106, 0.6928578019142151, 0.6925457715988159, 0.6921201348304749, 0.691832423210144, 0.6917606592178345, 0.6914336085319519, 0.6912021636962891, 0.6909887790679932, 0.6908811330795288, 0.6907414197921753, 0.6905034184455872, 0.6904411315917969, 0.6905139684677124, 0.690342128276825, 0.6901003122329712, 0.6899672746658325, 0.690019428730011, 0.6898044943809509, 0.6898652911186218, 0.689856231212616, 0.6896563768386841, 0.6896969079971313, 0.6895910501480103, 0.6898985505104065], "val_custom_accuracy": [0.5027133226394653, 0.501853346824646, 0.5063733458518982, 0.5060399770736694, 0.5072866678237915, 0.5119600296020508, 0.5162533521652222, 0.5197466611862183, 0.5161200165748596, 0.520039975643158, 0.5277066826820374, 0.5319399833679199, 0.536633312702179, 0.5451400279998779, 0.5523200035095215, 0.5581866502761841, 0.5606866478919983, 0.5625333189964294, 0.5641400218009949, 0.5659933090209961, 0.5690799951553345, 0.5727400183677673, 0.5757866501808167, 0.580133318901062, 0.5842466950416565, 0.5880666375160217, 0.5913400053977966, 0.5939333438873291, 0.5967733263969421, 0.5995333194732666, 0.6008533239364624, 0.6021199822425842, 0.6035799980163574, 0.6046333312988281, 0.6055733561515808, 0.6054866909980774, 0.6057599782943726, 0.6056666374206543, 0.6056399941444397, 0.6052200198173523, 0.6052533388137817, 0.6049066781997681, 0.6041133403778076, 0.6037799715995789, 0.6034600138664246, 0.6035933494567871, 0.602940022945404, 0.602786660194397, 0.6023333072662354, 0.6014133095741272],