{
  "loss": [
    0.059651151299476624,
    0.050752732902765274,
    0.04974145442247391,
    0.0493026040494442,
    0.04884682595729828,
    0.04861537739634514,
    0.048513419926166534,
    0.04840920493006706,
    0.04832197353243828,
    0.04825052246451378,
    0.04824032261967659,
    0.04820086807012558,
    0.04806261509656906,
    0.04804268479347229,
    0.04802491143345833,
    0.04805147275328636,
    0.04803737252950668,
    0.048003170639276505,
    0.047980897128582,
    0.04796059429645538,
    0.04795578122138977,
    0.04793884605169296,
    0.047962088137865067,
    0.047890398651361465,
    0.04794039949774742,
    0.047975875437259674,
    0.047888241708278656,
    0.04790319874882698,
    0.04797399044036865,
    0.04789842292666435,
    0.0479009635746479,
    0.0479767806828022,
    0.04795648157596588,
    0.047863174229860306,
    0.04790360853075981
  ],
  "mae": [
    0.12858359515666962,
    0.10897067934274673,
    0.10377288609743118,
    0.10159523785114288,
    0.09953318536281586,
    0.09871196001768112,
    0.09836948662996292,
    0.0978095605969429,
    0.09688910096883774,
    0.09700344502925873,
    0.09684702754020691,
    0.09663376957178116,
    0.09629988670349121,
    0.09600915014743805,
    0.09608076512813568,
    0.09600884467363358,
    0.09612168371677399,
    0.09605231881141663,
    0.09594887495040894,
    0.0957007110118866,
    0.09583766013383865,
    0.09601868689060211,
    0.09588798135519028,
    0.09565819054841995,
    0.09590890258550644,
    0.09568984806537628,
    0.0956958681344986,
    0.0956854373216629,
    0.0956968292593956,
    0.09583935886621475,
    0.09555871039628983,
    0.09577366709709167,
    0.0956895723938942,
    0.09568629413843155,
    0.09574487060308456
  ],
  "val_loss": [
    0.0490172803401947,
    0.048189129680395126,
    0.04796430468559265,
    0.047899119555950165,
    0.04788559675216675,
    0.047942083328962326,
    0.04784051701426506,
    0.04787147417664528,
    0.047855306416749954,
    0.04800146818161011,
    0.04792368784546852,
    0.047812845557928085,
    0.04783826321363449,
    0.04783491790294647,
    0.047811929136514664,
    0.047842372208833694,
    0.04783105105161667,
    0.0478435680270195,
    0.04790661111474037,
    0.04784981161355972,
    0.04785678908228874,
    0.04785062000155449,
    0.04784351587295532,
    0.04784476011991501,
    0.04785315319895744,
    0.04786154627799988,
    0.04786619544029236,
    0.04786498099565506,
    0.04786990210413933,
    0.047863855957984924,
    0.047864511609077454,
    0.047861382365226746,
    0.04786181077361107,
    0.04786413908004761,
    0.04786316305398941
  ],
  "val_mae": [
    0.09860977530479431,
    0.09670338779687881,
    0.09648719429969788,
    0.09718479216098785,
    0.09535673260688782,
    0.09491953253746033,
    0.09451545029878616,
    0.09392574429512024,
    0.09511516988277435,
    0.09434061497449875,
    0.09441478550434113,
    0.09632812440395355,
    0.09474735707044601,
    0.09507840871810913,
    0.09484650194644928,
    0.09633319079875946,
    0.09606834501028061,
    0.09563321620225906,
    0.09449215233325958,
    0.09528733789920807,
    0.09556140750646591,
    0.09533131122589111,
    0.09543587267398834,
    0.0953935757279396,
    0.09562398493289948,
    0.09532934427261353,
    0.09533242136240005,
    0.09535069018602371,
    0.09542091190814972,
    0.09533918648958206,
    0.09534107893705368,
    0.09527339786291122,
    0.09537671506404877,
    0.09538768231868744,
    0.09544029831886292
  ],
  "learning_rate": [
    0.0010000000474974513,
    0.0010000000474974513,
    0.0010000000474974513,
    0.0010000000474974513,
    0.0010000000474974513,
    0.0010000000474974513,
    0.0010000000474974513,
    0.0010000000474974513,
    0.0010000000474974513,
    0.0010000000474974513,
    0.0010000000474974513,
    0.0010000000474974513,
    0.0005000000237487257,
    0.0005000000237487257,
    0.0005000000237487257,
    0.0005000000237487257,
    0.0005000000237487257,
    0.0002500000118743628,
    0.0002500000118743628,
    0.0002500000118743628,
    0.0002500000118743628,
    0.0002500000118743628,
    0.0001250000059371814,
    0.0001250000059371814,
    0.0001250000059371814,
    0.0001250000059371814,
    0.0001250000059371814,
    6.25000029685907e-05,
    6.25000029685907e-05,
    6.25000029685907e-05,
    6.25000029685907e-05,
    6.25000029685907e-05,
    3.125000148429535e-05,
    3.125000148429535e-05,
    3.125000148429535e-05
  ]
}